tenure_months,monthly_charges,support_tickets,avg_session_minutes,contract_type,payment_method,region,has_family_plan,churned
7,103.2,3,45.0,month-to-month,mailed_check,Northeast,no,yes
55,65.69,3,40.3,month-to-month,bank_transfer,South,no,no
47,81.09,3,17.5,month-to-month,paypal,West,no,no
32,18.0,1,60.8,month-to-month,card,Midwest,no,no
31,43.09,0,20.7,one-year,card,West,yes,no
61,64.66,3,43.0,two-year,mailed_check,South,yes,no
7,45.2,1,42.7,two-year,bank_transfer,Northeast,yes,no
50,89.86,1,41.3,two-year,paypal,West,no,no
15,121.93,2,32.1,month-to-month,mailed_check,West,yes,yes
7,42.58,2,47.9,month-to-month,bank_transfer,Midwest,no,yes
38,51.06,5,19.3,one-year,card,South,no,no
70,77.89,1,37.2,two-year,bank_transfer,Northeast,yes,no
53,112.28,1,31.2,one-year,card,Midwest,no,no
55,41.44,6,29.9,month-to-month,card,Midwest,no,no
51,78.23,2,43.1,one-year,card,Midwest,yes,no
56,117.53,5,50.9,two-year,mailed_check,Northeast,no,no
37,30.71,2,33.9,two-year,paypal,Midwest,no,no
10,39.97,2,47.4,two-year,card,Midwest,yes,no
60,61.41,2,38.6,month-to-month,card,West,no,yes
32,58.99,0,27.3,month-to-month,paypal,Midwest,no,no
36,92.32,1,34.9,month-to-month,mailed_check,Midwest,yes,no
27,78.04,1,34.4,month-to-month,card,South,no,yes
13,27.63,2,29.6,two-year,card,Midwest,no,yes
66,84.89,1,43.1,month-to-month,mailed_check,Midwest,no,no
56,57.56,2,40.8,month-to-month,mailed_check,West,yes,no
46,103.86,0,18.9,month-to-month,mailed_check,West,yes,yes
29,56.31,1,18.2,one-year,card,Northeast,no,no
59,56.08,1,43.1,month-to-month,card,West,no,no
39,85.53,2,28.2,month-to-month,bank_transfer,West,no,yes
32,91.07,0,41.6,two-year,card,Midwest,no,no
32,83.2,2,47.4,month-to-month,mailed_check,Midwest,yes,yes
17,29.86,1,22.7,month-to-month,card,Midwest,no,yes
7,85.45,1,21.1,month-to-month,paypal,South,no,no
40,46.14,1,58.1,one-year,mailed_check,South,no,no
64,77.88,4,42.2,one-year,mailed_check,West,no,no
5,36.41,2,33.0,two-year,paypal,West,no,no
61,83.16,0,26.8,month-to-month,mailed_check,Northeast,yes,no
59,51.84,2,31.9,two-year,card,West,no,no
20,39.93,3,23.7,one-year,bank_transfer,South,no,no
45,89.85,2,48.6,month-to-month,card,Northeast,no,no
12,78.04,2,28.7,month-to-month,mailed_check,West,yes,yes
54,56.65,0,51.1,month-to-month,mailed_check,Northeast,no,no
50,108.28,1,33.2,two-year,card,Northeast,yes,no
26,60.98,1,25.5,month-to-month,card,South,yes,yes
5,72.8,2,32.9,month-to-month,bank_transfer,South,yes,yes
69,78.72,1,6.5,one-year,card,Northeast,no,no
32,56.51,2,36.6,two-year,paypal,Northeast,yes,no
64,83.78,5,36.0,one-year,card,South,no,no
49,58.66,3,47.9,two-year,paypal,Northeast,no,no
56,61.71,1,15.4,month-to-month,bank_transfer,Northeast,no,no
54,106.07,1,51.9,two-year,bank_transfer,West,no,no
14,45.99,3,47.8,month-to-month,card,Midwest,no,no
26,18.0,3,53.0,month-to-month,mailed_check,Northeast,no,no
34,112.27,1,37.4,two-year,bank_transfer,Northeast,yes,yes
36,135.73,3,50.2,month-to-month,bank_transfer,West,yes,yes
4,61.87,3,20.3,month-to-month,bank_transfer,South,no,yes
39,23.58,2,46.6,one-year,mailed_check,Northeast,no,no
11,64.24,2,28.7,month-to-month,paypal,Midwest,no,yes
53,64.84,0,18.2,month-to-month,paypal,West,yes,no
49,67.25,2,24.5,one-year,bank_transfer,South,no,no
66,44.17,2,38.1,two-year,mailed_check,Midwest,no,no
53,86.49,2,28.1,two-year,card,South,no,no
27,85.11,4,42.5,month-to-month,paypal,Northeast,no,yes
69,34.64,2,16.3,one-year,bank_transfer,West,no,no
30,89.48,0,12.5,two-year,bank_transfer,West,no,no
24,123.32,1,54.5,month-to-month,mailed_check,West,no,yes
65,76.3,1,48.8,month-to-month,mailed_check,Northeast,no,no
27,63.57,2,25.4,month-to-month,bank_transfer,Midwest,no,no
6,68.45,1,38.0,month-to-month,bank_transfer,Midwest,no,no
34,87.38,2,50.2,month-to-month,mailed_check,Northeast,no,yes
57,28.73,0,43.0,one-year,mailed_check,West,no,no
14,76.11,0,39.8,two-year,paypal,Northeast,no,no
33,62.24,1,51.1,month-to-month,card,South,yes,no
10,118.2,2,29.2,one-year,card,West,no,no
49,67.65,2,38.4,month-to-month,mailed_check,Midwest,no,no
34,113.7,2,37.8,month-to-month,paypal,Midwest,yes,yes
24,44.41,0,34.7,two-year,paypal,South,yes,no
17,86.68,2,33.3,month-to-month,paypal,West,yes,no
41,79.99,2,38.9,two-year,bank_transfer,Northeast,no,yes
48,50.27,4,38.4,month-to-month,bank_transfer,Midwest,no,no
67,76.43,2,25.4,month-to-month,paypal,Northeast,no,no
32,102.31,2,47.6,month-to-month,card,Northeast,yes,yes
12,63.91,2,26.3,month-to-month,paypal,Midwest,no,no
60,29.7,3,35.4,two-year,paypal,South,no,no
45,71.56,0,34.5,one-year,paypal,Northeast,no,no
50,49.44,2,42.3,month-to-month,card,West,yes,no
7,63.44,0,12.6,month-to-month,paypal,South,yes,yes
23,69.96,4,48.7,one-year,card,West,no,no
55,29.36,3,29.9,two-year,card,Northeast,yes,no
60,31.61,4,52.6,month-to-month,bank_transfer,Northeast,no,no
31,84.05,1,32.3,month-to-month,card,South,no,no
58,58.93,1,37.4,month-to-month,mailed_check,Midwest,yes,no
60,18.0,1,61.0,month-to-month,mailed_check,South,no,yes
28,91.62,2,34.7,month-to-month,card,Northeast,no,no
64,78.81,2,52.9,month-to-month,paypal,Midwest,no,no
21,54.15,3,38.5,month-to-month,bank_transfer,West,no,yes
18,39.08,2,43.0,month-to-month,paypal,Northeast,yes,no
49,92.9,1,38.8,month-to-month,mailed_check,South,no,no
46,80.73,2,48.2,two-year,bank_transfer,South,no,no
10,131.57,6,29.8,one-year,card,Midwest,no,yes
60,82.5,0,26.2,month-to-month,card,Northeast,no,yes
15,81.69,2,30.3,month-to-month,bank_transfer,Northeast,yes,no
58,67.83,1,39.2,month-to-month,mailed_check,Northeast,no,no
1,92.42,2,35.4,two-year,bank_transfer,Midwest,no,no
57,87.63,0,46.5,one-year,bank_transfer,Northeast,yes,no
56,103.29,1,53.7,month-to-month,card,Midwest,no,no
56,58.97,0,26.3,two-year,mailed_check,South,no,no
48,61.11,1,29.2,two-year,card,South,no,no
34,60.02,1,20.8,two-year,paypal,West,yes,no
51,91.77,1,62.4,month-to-month,paypal,West,no,no
20,109.46,0,41.7,month-to-month,card,West,yes,yes
56,60.53,0,43.8,one-year,card,West,no,no
40,61.38,1,21.9,month-to-month,bank_transfer,Northeast,no,no
33,79.85,4,38.0,one-year,card,West,yes,no
36,65.86,5,44.1,two-year,paypal,Northeast,yes,no
41,95.8,3,35.0,month-to-month,paypal,South,no,no
3,18.0,2,50.9,month-to-month,card,Midwest,yes,no
10,51.33,1,65.7,month-to-month,bank_transfer,Midwest,no,no
18,52.44,4,26.6,month-to-month,card,Midwest,no,yes
9,18.0,1,25.7,one-year,card,Midwest,no,no
32,47.91,0,27.5,one-year,paypal,South,yes,no
48,49.12,1,57.3,month-to-month,paypal,Midwest,yes,no
47,66.97,2,50.5,one-year,paypal,South,yes,no
34,99.82,2,36.4,month-to-month,card,South,no,yes
61,65.87,1,38.4,one-year,bank_transfer,Midwest,no,no
41,46.23,1,28.2,month-to-month,bank_transfer,Midwest,no,yes
6,70.58,1,48.7,one-year,mailed_check,South,yes,no
55,98.23,2,33.4,one-year,paypal,Northeast,yes,no
41,47.6,3,34.9,month-to-month,mailed_check,South,yes,no
46,49.24,2,45.3,one-year,card,South,no,no
41,85.96,1,35.7,two-year,bank_transfer,Northeast,yes,no
40,66.46,2,35.2,month-to-month,paypal,Northeast,yes,no
7,88.19,1,38.1,one-year,bank_transfer,West,no,yes
40,71.66,2,47.5,two-year,paypal,South,no,no
57,89.54,2,57.8,two-year,bank_transfer,Midwest,yes,no
22,46.12,1,45.0,month-to-month,mailed_check,Northeast,no,yes
43,71.7,1,47.6,one-year,card,West,yes,no
3,66.73,2,35.6,two-year,mailed_check,Northeast,yes,yes
25,41.6,2,29.5,one-year,bank_transfer,South,yes,no
32,32.91,1,45.8,month-to-month,bank_transfer,West,yes,no
70,89.14,0,40.1,month-to-month,bank_transfer,Northeast,no,no
16,63.23,5,20.9,two-year,card,Midwest,no,no
20,46.44,0,34.1,month-to-month,mailed_check,West,no,no
30,69.6,3,37.0,month-to-month,mailed_check,Northeast,yes,yes
71,100.2,2,31.9,month-to-month,mailed_check,Northeast,no,yes
61,18.0,2,55.8,two-year,mailed_check,West,no,no
3,34.58,0,43.8,month-to-month,paypal,South,yes,no
17,48.93,0,54.5,two-year,bank_transfer,West,no,no
59,108.53,2,41.2,one-year,mailed_check,West,no,no
5,79.06,0,39.0,two-year,card,West,no,no
61,91.18,3,26.8,two-year,paypal,West,yes,no
20,43.5,1,38.1,month-to-month,bank_transfer,West,no,no
66,44.01,1,38.2,one-year,paypal,South,no,no
21,83.2,0,21.6,month-to-month,bank_transfer,West,no,yes
31,73.46,1,31.5,two-year,bank_transfer,South,no,no
47,85.72,1,34.1,month-to-month,card,Midwest,yes,no
9,67.31,1,43.0,one-year,bank_transfer,Northeast,no,no
40,78.95,1,43.5,two-year,bank_transfer,West,no,yes
36,75.95,2,31.0,month-to-month,card,Midwest,no,yes
56,91.44,5,43.6,two-year,card,West,yes,no
71,92.18,3,35.8,month-to-month,bank_transfer,South,yes,yes
48,31.5,0,5.0,month-to-month,card,South,yes,no
30,18.0,1,32.2,month-to-month,paypal,Midwest,yes,no
29,97.04,4,50.9,month-to-month,card,West,no,no
30,101.69,4,17.8,one-year,bank_transfer,Midwest,yes,no
58,46.48,1,39.4,two-year,card,West,no,no
23,25.5,3,57.0,month-to-month,bank_transfer,Northeast,no,no
12,74.48,2,28.9,one-year,bank_transfer,West,no,yes
24,95.27,0,38.0,two-year,paypal,Midwest,yes,no
2,116.94,2,22.4,two-year,bank_transfer,West,no,yes
8,84.91,3,57.5,month-to-month,bank_transfer,Northeast,no,yes
7,62.71,1,37.0,two-year,card,South,no,no
55,49.67,0,38.6,month-to-month,bank_transfer,Northeast,yes,no
52,72.29,1,54.3,one-year,bank_transfer,South,no,no
50,64.52,0,45.9,one-year,paypal,West,yes,no
33,46.62,4,27.5,two-year,bank_transfer,Midwest,no,no
51,123.22,1,30.2,month-to-month,paypal,West,no,yes
12,116.63,2,43.9,month-to-month,bank_transfer,Midwest,yes,yes
64,100.4,2,30.5,two-year,card,West,no,yes
36,48.98,1,12.6,month-to-month,card,West,yes,no
67,93.38,1,37.4,month-to-month,card,Midwest,no,yes
11,87.99,1,20.2,one-year,bank_transfer,West,no,no
36,83.06,2,57.4,one-year,paypal,Northeast,yes,no
50,103.24,0,40.1,month-to-month,paypal,Midwest,yes,yes
36,87.88,1,27.1,month-to-month,bank_transfer,Midwest,yes,no
32,90.5,2,29.6,two-year,card,West,no,yes
12,87.92,1,15.3,month-to-month,mailed_check,Midwest,no,yes
28,80.52,2,24.8,month-to-month,card,Northeast,yes,yes
17,27.41,1,50.2,month-to-month,bank_transfer,Midwest,no,yes
22,74.09,3,64.8,month-to-month,mailed_check,West,yes,no
49,58.1,1,46.7,two-year,bank_transfer,Northeast,no,no
45,40.0,1,36.9,month-to-month,card,Northeast,no,no
44,114.05,2,32.8,month-to-month,card,Midwest,yes,yes
26,115.22,0,26.5,month-to-month,bank_transfer,Midwest,no,yes
69,105.98,2,62.7,month-to-month,card,Midwest,yes,no
7,78.38,0,35.7,month-to-month,paypal,Northeast,no,yes
25,105.77,0,63.4,two-year,bank_transfer,Midwest,no,yes
9,72.3,2,54.7,one-year,card,Midwest,no,no
25,77.07,3,17.1,month-to-month,card,West,no,no
69,44.66,1,30.0,month-to-month,paypal,South,no,no
27,81.92,1,30.0,month-to-month,bank_transfer,South,yes,no
65,73.51,4,37.0,month-to-month,paypal,Northeast,no,yes
36,39.43,1,37.3,one-year,bank_transfer,Midwest,yes,no
50,70.72,2,74.0,month-to-month,card,Midwest,no,no
33,70.01,1,25.1,one-year,bank_transfer,South,yes,no
19,116.94,1,40.7,two-year,bank_transfer,Midwest,no,no
55,94.36,2,45.4,month-to-month,bank_transfer,West,no,no
69,72.29,2,38.0,two-year,paypal,Northeast,no,yes
19,78.22,0,39.3,month-to-month,mailed_check,Midwest,no,no
56,73.11,0,25.5,month-to-month,paypal,Midwest,no,no
19,66.93,0,39.3,two-year,bank_transfer,Northeast,yes,no
51,44.94,2,44.1,month-to-month,bank_transfer,Northeast,no,no
57,68.22,1,41.9,one-year,paypal,South,no,no
32,53.35,2,44.8,one-year,card,Northeast,no,no
53,40.74,0,55.0,month-to-month,paypal,South,yes,no
20,84.78,2,49.2,two-year,mailed_check,Northeast,no,yes
6,81.78,1,38.9,month-to-month,card,West,yes,yes
7,27.33,5,23.9,two-year,mailed_check,Midwest,no,no
32,68.93,1,30.8,month-to-month,paypal,South,yes,yes
65,96.89,1,35.4,month-to-month,bank_transfer,West,yes,no
10,98.48,4,41.0,month-to-month,mailed_check,Northeast,yes,yes
33,97.65,1,32.3,two-year,card,Midwest,yes,no
50,72.97,1,26.8,month-to-month,card,Midwest,no,no
15,50.87,0,23.7,two-year,card,West,no,no
52,44.91,1,18.2,month-to-month,bank_transfer,Northeast,no,no
22,80.62,1,35.2,month-to-month,bank_transfer,Midwest,no,yes
58,81.48,0,20.4,month-to-month,mailed_check,West,yes,no
42,104.18,2,26.0,month-to-month,card,West,yes,yes
39,99.5,5,33.3,two-year,card,Northeast,no,no
13,68.69,3,22.0,month-to-month,paypal,West,no,yes
33,40.89,4,42.6,one-year,card,South,no,no
61,64.02,1,46.9,one-year,paypal,South,yes,no
2,77.43,2,31.4,month-to-month,bank_transfer,Northeast,no,yes
54,66.95,2,32.8,one-year,mailed_check,Northeast,yes,no
35,57.55,4,44.4,two-year,paypal,South,no,no
52,78.32,2,29.4,one-year,card,Northeast,yes,yes
48,59.4,1,28.6,month-to-month,card,Midwest,no,no
31,56.3,2,52.4,one-year,card,Midwest,yes,no
22,79.79,1,48.6,one-year,mailed_check,South,no,no
45,61.95,4,45.2,month-to-month,paypal,Midwest,yes,yes
10,78.1,3,49.1,one-year,bank_transfer,Midwest,no,no
42,78.83,1,14.3,month-to-month,card,Northeast,yes,no
7,43.51,0,54.2,two-year,mailed_check,South,no,no
47,59.97,1,42.7,two-year,card,West,yes,no
45,107.94,2,50.1,two-year,paypal,Northeast,yes,no
6,42.95,0,42.6,two-year,paypal,West,no,no
54,19.08,2,38.6,one-year,card,West,yes,no
30,25.45,2,34.7,one-year,bank_transfer,South,yes,no
56,72.73,3,42.4,month-to-month,card,South,no,yes
3,72.77,4,34.3,month-to-month,bank_transfer,Northeast,no,no
13,69.06,2,48.4,month-to-month,mailed_check,Midwest,no,no
36,102.35,3,19.0,month-to-month,paypal,Northeast,yes,no
14,18.0,0,31.5,two-year,paypal,West,no,no
24,81.9,4,62.5,two-year,bank_transfer,South,no,yes
47,111.04,1,30.5,month-to-month,card,West,yes,yes
11,43.81,0,35.1,month-to-month,paypal,West,no,no
49,62.5,2,27.4,one-year,bank_transfer,South,yes,no
8,53.18,1,42.0,month-to-month,card,Midwest,no,no
13,49.64,1,29.2,two-year,bank_transfer,Northeast,no,no
42,63.84,2,35.8,two-year,paypal,Northeast,no,no
57,107.69,1,48.2,month-to-month,paypal,Midwest,no,no
13,117.93,6,29.6,month-to-month,card,South,yes,yes
22,63.6,0,47.5,month-to-month,mailed_check,South,yes,yes
66,119.63,4,47.9,month-to-month,bank_transfer,Northeast,no,no
71,72.89,2,50.7,month-to-month,card,West,no,no
42,115.84,1,39.7,month-to-month,card,South,no,yes
32,69.67,3,76.9,month-to-month,paypal,South,yes,no
25,75.28,1,50.7,month-to-month,bank_transfer,South,no,no
44,81.14,4,41.9,month-to-month,bank_transfer,South,yes,yes
42,151.47,1,27.5,one-year,card,Midwest,yes,no
21,93.28,1,36.8,month-to-month,paypal,West,no,yes
2,54.32,0,55.1,two-year,paypal,Midwest,no,no
11,96.22,3,58.5,month-to-month,card,Northeast,no,yes
69,62.95,2,55.7,month-to-month,mailed_check,West,no,yes
30,59.76,0,47.4,month-to-month,card,South,yes,no
35,94.72,2,22.9,one-year,card,Northeast,no,no
34,72.78,4,43.8,month-to-month,bank_transfer,Northeast,no,no
56,78.96,2,23.1,month-to-month,paypal,West,no,yes
5,72.35,1,20.2,month-to-month,card,South,yes,no
6,80.41,1,40.9,two-year,bank_transfer,Northeast,yes,yes
20,82.62,1,44.3,month-to-month,card,West,no,yes
35,23.58,1,48.8,month-to-month,bank_transfer,South,yes,no
48,88.66,1,44.0,two-year,paypal,West,yes,no
35,47.45,4,44.4,month-to-month,mailed_check,West,no,yes
32,35.94,2,26.2,month-to-month,bank_transfer,Northeast,no,no
67,70.54,3,36.7,two-year,paypal,Midwest,yes,no
12,74.1,3,19.9,month-to-month,bank_transfer,Midwest,no,yes
41,54.66,0,14.0,month-to-month,card,Northeast,no,yes
39,92.78,1,46.9,month-to-month,card,South,no,yes
34,38.45,4,29.0,month-to-month,mailed_check,South,no,yes
58,61.83,2,48.5,two-year,card,Northeast,no,no
19,57.38,2,51.3,one-year,paypal,Midwest,yes,no
68,70.84,4,30.6,one-year,card,South,yes,no
24,78.97,2,45.1,month-to-month,paypal,West,no,no
39,46.8,1,30.1,one-year,card,West,no,no
37,90.11,1,15.8,one-year,mailed_check,Midwest,no,no
61,73.58,3,39.5,month-to-month,paypal,Northeast,no,yes
32,24.7,2,32.3,two-year,card,Northeast,yes,no
21,23.04,1,32.7,one-year,paypal,Northeast,yes,no
2,71.69,4,61.7,two-year,bank_transfer,South,no,no
26,66.48,6,19.7,month-to-month,card,West,yes,yes
59,69.41,4,42.6,month-to-month,card,Northeast,no,yes
1,71.3,1,26.1,one-year,paypal,Midwest,no,no
64,77.64,2,48.9,two-year,paypal,Northeast,no,no
39,95.69,1,41.6,month-to-month,card,South,yes,no
10,44.22,3,42.6,month-to-month,mailed_check,Midwest,no,no
22,42.7,2,26.7,two-year,card,West,yes,no
40,44.67,2,28.8,month-to-month,card,West,no,yes
23,79.22,2,49.1,month-to-month,bank_transfer,Midwest,yes,no
8,103.12,4,59.2,one-year,card,Northeast,no,yes
48,61.22,0,43.8,month-to-month,card,South,no,no
48,18.0,2,27.2,month-to-month,bank_transfer,West,no,no
9,29.4,1,42.1,month-to-month,card,Northeast,no,yes
20,51.17,1,67.1,two-year,card,Midwest,yes,no
18,58.06,5,39.2,month-to-month,paypal,Midwest,no,yes
47,61.79,1,55.5,one-year,bank_transfer,West,no,no
52,72.96,3,29.1,two-year,paypal,Northeast,no,no
52,64.21,3,37.5,one-year,bank_transfer,Northeast,yes,no
67,98.23,2,45.4,month-to-month,bank_transfer,Northeast,no,no
55,55.1,2,42.8,month-to-month,card,South,no,no
23,50.44,1,28.8,month-to-month,paypal,Midwest,no,yes
8,83.97,2,28.3,one-year,card,Northeast,no,no
44,33.61,1,49.9,two-year,card,Midwest,yes,no
66,81.74,3,52.3,two-year,paypal,Northeast,no,no
70,74.56,1,56.1,month-to-month,paypal,Midwest,yes,no
17,68.31,2,59.6,month-to-month,bank_transfer,South,yes,no
17,111.71,2,39.6,two-year,card,West,no,no
3,56.44,2,34.3,month-to-month,card,South,yes,yes
11,123.51,1,54.2,two-year,bank_transfer,West,no,yes
40,66.36,1,46.6,month-to-month,paypal,Northeast,yes,no
39,40.07,2,26.2,one-year,bank_transfer,Northeast,no,no
27,73.75,1,25.6,two-year,card,Northeast,no,yes
23,45.09,3,43.9,month-to-month,card,South,no,yes
59,53.21,1,35.9,month-to-month,bank_transfer,West,no,no
33,81.93,0,37.7,two-year,paypal,Northeast,no,no
58,85.89,1,50.9,month-to-month,card,West,yes,no
69,56.45,1,47.1,month-to-month,card,Midwest,no,no
23,96.69,5,54.0,month-to-month,card,South,no,no
15,100.94,2,14.8,month-to-month,card,South,no,yes
68,107.91,1,41.0,one-year,bank_transfer,West,yes,no
46,85.24,5,46.3,month-to-month,card,Midwest,yes,no
21,106.09,2,19.7,month-to-month,paypal,Northeast,no,yes
45,24.98,3,30.1,two-year,paypal,West,no,no
37,64.05,1,27.9,month-to-month,mailed_check,South,yes,yes
65,50.32,0,38.3,month-to-month,mailed_check,Northeast,yes,no
19,74.98,0,57.5,one-year,card,West,no,no
71,57.71,2,62.3,two-year,card,West,yes,no
67,67.85,4,28.2,one-year,card,South,no,no
13,119.05,1,44.3,two-year,paypal,Midwest,yes,no
12,67.76,5,44.7,month-to-month,card,Northeast,yes,no
38,82.34,4,42.7,month-to-month,bank_transfer,West,yes,yes
4,66.19,1,42.8,two-year,card,South,no,no
22,73.89,1,41.6,two-year,card,South,no,no
31,72.15,1,58.3,one-year,paypal,Midwest,yes,no
69,83.21,1,51.2,month-to-month,paypal,South,yes,yes
71,101.13,2,25.3,month-to-month,bank_transfer,Midwest,no,yes
11,113.18,0,47.5,month-to-month,mailed_check,Midwest,yes,yes
64,79.74,1,48.7,two-year,card,South,no,no
7,86.74,3,41.8,two-year,card,West,yes,no
54,43.23,1,51.6,month-to-month,bank_transfer,South,no,no
61,69.8,4,40.3,month-to-month,paypal,West,yes,no
64,95.51,2,40.4,month-to-month,bank_transfer,South,no,yes
16,93.65,3,39.5,month-to-month,card,Midwest,no,yes
64,77.29,2,13.8,one-year,mailed_check,Midwest,yes,yes
9,94.16,1,37.0,one-year,card,West,yes,yes
37,84.27,2,30.0,month-to-month,bank_transfer,Northeast,yes,yes
34,102.01,1,23.8,one-year,bank_transfer,Northeast,yes,no
23,79.23,1,55.2,two-year,mailed_check,West,no,no
2,63.11,0,44.1,month-to-month,paypal,West,yes,no
55,80.4,2,37.6,month-to-month,mailed_check,Midwest,yes,yes
24,18.0,2,31.2,month-to-month,card,South,yes,yes
47,81.57,4,41.6,month-to-month,bank_transfer,South,no,no
30,18.0,2,49.9,month-to-month,paypal,Midwest,no,yes
27,28.91,1,28.1,one-year,bank_transfer,Midwest,no,no
63,83.29,1,37.9,month-to-month,bank_transfer,South,no,no
7,83.94,3,48.4,month-to-month,mailed_check,Northeast,no,yes
53,42.94,2,14.8,two-year,card,Northeast,yes,no
54,54.2,1,37.3,month-to-month,bank_transfer,South,no,no
27,106.26,1,32.8,one-year,mailed_check,Midwest,no,no
19,59.9,2,36.4,one-year,mailed_check,South,yes,no
1,128.07,0,32.0,two-year,mailed_check,Midwest,no,no
67,71.95,0,39.7,one-year,mailed_check,South,yes,no
68,82.2,2,61.1,two-year,card,South,yes,no
18,112.42,1,34.1,one-year,mailed_check,Midwest,no,no
3,75.28,1,41.5,month-to-month,bank_transfer,Midwest,yes,yes
9,46.94,0,61.9,month-to-month,paypal,West,no,no
5,69.26,0,31.4,month-to-month,bank_transfer,West,no,no
60,71.11,4,59.8,month-to-month,paypal,South,no,no
64,37.88,2,38.1,month-to-month,bank_transfer,Midwest,yes,no
11,65.6,1,59.4,month-to-month,paypal,South,no,yes
54,53.45,1,47.0,month-to-month,card,West,no,no
13,95.11,4,41.7,month-to-month,card,Midwest,yes,yes
27,72.87,3,37.2,month-to-month,bank_transfer,West,yes,no
43,64.93,2,30.5,two-year,card,South,no,no
52,69.35,0,38.9,one-year,paypal,Northeast,no,no
63,77.58,2,48.8,two-year,card,Northeast,yes,no
4,87.42,2,37.8,month-to-month,bank_transfer,Midwest,yes,no
14,47.01,0,34.2,two-year,card,West,no,no
20,45.96,1,35.0,two-year,card,Midwest,yes,no
23,99.62,3,49.9,month-to-month,bank_transfer,West,yes,yes
71,61.69,2,52.7,two-year,card,South,no,no
56,36.58,3,30.0,month-to-month,card,West,yes,no
23,83.1,1,30.0,one-year,card,West,yes,no
69,83.58,1,42.6,two-year,card,Northeast,no,no
36,33.73,3,56.3,month-to-month,bank_transfer,West,no,no
36,77.74,1,51.8,one-year,card,Northeast,no,no
31,90.39,4,23.0,month-to-month,bank_transfer,Midwest,yes,no
11,81.36,1,34.8,month-to-month,paypal,South,no,yes
67,87.8,2,26.8,month-to-month,bank_transfer,South,no,yes
1,36.89,0,34.8,month-to-month,bank_transfer,West,no,no
13,80.28,0,57.3,month-to-month,card,Midwest,no,no
17,64.43,4,20.9,one-year,mailed_check,Northeast,no,no
20,59.93,1,18.6,month-to-month,bank_transfer,Northeast,no,no
10,93.76,2,28.1,month-to-month,card,Northeast,no,yes
2,108.98,1,41.4,one-year,mailed_check,South,yes,yes
49,116.86,2,45.4,month-to-month,paypal,Northeast,no,yes
69,104.87,5,43.2,month-to-month,bank_transfer,South,no,no
9,69.26,2,52.1,two-year,mailed_check,West,yes,no
22,80.82,0,16.8,two-year,card,West,yes,no
36,91.17,1,52.3,month-to-month,paypal,West,no,no
66,75.03,1,34.3,month-to-month,paypal,South,no,no
50,75.27,1,46.8,two-year,bank_transfer,Midwest,no,no
55,92.59,3,22.1,two-year,card,West,no,no
42,70.52,2,38.1,month-to-month,card,Northeast,yes,no
30,53.77,1,40.8,month-to-month,mailed_check,West,yes,no
15,61.64,1,51.9,month-to-month,card,Midwest,no,yes
62,87.85,2,19.0,one-year,card,South,yes,no
58,72.07,1,38.4,two-year,paypal,South,no,no
2,80.51,2,25.0,one-year,paypal,South,yes,no
51,88.75,0,44.1,month-to-month,card,Northeast,no,no
6,62.63,3,47.3,one-year,paypal,Northeast,no,yes
53,90.91,2,53.4,two-year,bank_transfer,South,yes,no
59,81.47,1,31.6,month-to-month,paypal,Northeast,no,no
10,41.13,1,49.1,two-year,card,Midwest,no,no
31,108.06,2,54.3,month-to-month,card,South,yes,yes
9,59.48,2,18.3,month-to-month,paypal,South,yes,no
41,30.62,2,45.3,one-year,card,Northeast,no,no
66,45.87,2,49.5,month-to-month,bank_transfer,West,no,no
6,46.47,1,34.9,two-year,card,Midwest,no,no
29,73.3,3,23.5,month-to-month,paypal,South,no,yes
70,65.15,1,49.3,month-to-month,mailed_check,Midwest,yes,no
22,63.58,3,23.6,month-to-month,paypal,South,yes,yes
10,87.49,5,35.9,month-to-month,mailed_check,Northeast,no,yes
35,80.5,1,37.5,month-to-month,mailed_check,Midwest,no,yes
37,79.9,3,46.6,one-year,bank_transfer,West,no,no
48,82.25,1,30.5,month-to-month,bank_transfer,Midwest,yes,no
23,87.4,1,29.8,month-to-month,mailed_check,Midwest,no,yes
68,19.3,2,39.2,one-year,mailed_check,Northeast,no,no
37,62.89,2,50.1,month-to-month,mailed_check,Midwest,yes,yes
21,18.0,1,65.4,one-year,paypal,Midwest,no,no
69,72.9,2,19.9,month-to-month,card,South,no,yes
66,71.88,5,41.8,month-to-month,mailed_check,Northeast,yes,yes
36,98.14,2,25.0,one-year,mailed_check,West,yes,no
2,101.69,1,50.2,two-year,paypal,South,yes,yes
43,77.07,3,26.7,two-year,mailed_check,South,no,no
40,59.49,1,29.9,month-to-month,bank_transfer,Midwest,yes,no
11,84.13,6,30.9,month-to-month,mailed_check,South,yes,yes
46,58.8,0,37.1,one-year,card,Midwest,yes,no
60,71.97,0,41.9,one-year,mailed_check,Midwest,yes,no
8,96.65,1,43.8,one-year,card,South,yes,no
52,58.06,1,37.9,one-year,card,Northeast,no,no
10,92.14,2,22.0,two-year,card,Northeast,yes,no
54,88.94,2,46.7,month-to-month,bank_transfer,West,yes,no
30,48.13,1,37.4,one-year,card,Midwest,yes,no
1,96.35,2,51.9,month-to-month,mailed_check,South,yes,no
69,89.46,3,29.5,month-to-month,bank_transfer,South,yes,no
12,74.55,0,18.8,one-year,mailed_check,Midwest,no,yes
43,52.94,2,37.6,month-to-month,card,West,no,no
13,50.52,0,53.6,month-to-month,card,West,no,no
67,58.56,1,39.9,two-year,paypal,Midwest,yes,no
53,85.56,1,35.6,two-year,paypal,South,no,no
58,48.11,1,27.6,month-to-month,bank_transfer,West,no,no
31,82.94,0,59.1,two-year,paypal,West,yes,no
34,40.96,4,25.6,month-to-month,paypal,South,no,yes
46,66.9,0,29.3,two-year,bank_transfer,West,no,no
56,74.74,3,44.8,month-to-month,mailed_check,West,yes,no
61,133.13,2,15.7,month-to-month,paypal,West,yes,no
2,37.57,2,53.3,month-to-month,paypal,Northeast,no,no
48,108.8,5,45.5,month-to-month,bank_transfer,Northeast,yes,yes
8,75.75,0,48.8,month-to-month,card,South,no,no
21,82.28,2,44.7,month-to-month,card,West,yes,no
59,74.96,1,36.1,one-year,paypal,Northeast,yes,no
18,83.12,0,25.2,month-to-month,paypal,Northeast,yes,yes
57,68.16,0,36.3,month-to-month,card,Northeast,yes,no
33,108.35,4,26.3,two-year,bank_transfer,Northeast,no,no
17,60.59,3,43.8,one-year,card,West,no,no
24,100.31,1,47.7,two-year,card,Midwest,no,no
38,55.89,6,55.7,month-to-month,mailed_check,Midwest,no,no
55,70.49,2,42.5,month-to-month,bank_transfer,South,no,no
44,45.2,2,49.1,one-year,card,Midwest,yes,no
67,83.38,1,34.4,one-year,bank_transfer,West,yes,no
62,108.13,0,32.3,month-to-month,bank_transfer,Midwest,no,yes
54,70.07,0,43.7,two-year,paypal,West,no,no
43,67.08,2,33.4,one-year,mailed_check,Midwest,no,no
21,44.13,1,41.2,one-year,bank_transfer,South,no,no
30,66.27,0,25.3,month-to-month,bank_transfer,Midwest,no,yes
9,32.18,3,27.4,one-year,bank_transfer,West,yes,no
27,49.18,1,45.6,month-to-month,bank_transfer,West,no,no
66,77.67,0,48.6,two-year,card,South,no,no
31,104.98,6,26.2,month-to-month,card,Midwest,no,yes
9,142.23,0,46.0,month-to-month,mailed_check,West,yes,yes
47,57.34,0,31.6,month-to-month,bank_transfer,Midwest,yes,no
69,107.88,0,38.2,one-year,bank_transfer,Midwest,no,no
62,78.09,0,55.0,two-year,card,South,no,no
20,68.22,3,47.7,two-year,paypal,West,no,no
33,82.81,0,47.6,one-year,card,West,no,no
38,73.55,2,60.9,two-year,bank_transfer,Northeast,yes,no
18,74.76,1,29.6,one-year,paypal,Northeast,yes,no
20,61.79,3,26.2,month-to-month,bank_transfer,Northeast,no,yes
17,37.05,0,29.3,one-year,mailed_check,South,yes,no
71,33.41,2,34.9,month-to-month,card,Northeast,no,no
53,88.33,2,9.7,month-to-month,paypal,West,no,no
60,65.08,0,35.5,month-to-month,mailed_check,West,yes,no
58,57.1,1,31.5,month-to-month,bank_transfer,Northeast,yes,no
69,72.21,0,47.4,two-year,paypal,West,yes,no
8,91.87,0,42.2,two-year,bank_transfer,Northeast,yes,yes
63,76.51,2,30.8,month-to-month,paypal,West,no,yes
5,55.6,2,45.1,one-year,mailed_check,South,yes,no
34,102.66,2,46.7,month-to-month,paypal,Northeast,yes,yes
43,111.48,2,28.8,month-to-month,mailed_check,South,yes,yes
26,84.36,4,32.1,month-to-month,bank_transfer,West,yes,no
11,96.34,1,11.3,month-to-month,bank_transfer,West,no,yes
14,103.05,1,24.9,month-to-month,card,Northeast,no,yes
59,100.25,2,29.1,month-to-month,paypal,West,no,no
23,87.35,0,38.9,month-to-month,mailed_check,South,no,yes
23,86.96,1,26.7,month-to-month,paypal,South,yes,yes
66,84.99,1,31.8,two-year,card,Northeast,no,no
11,44.57,1,23.3,month-to-month,bank_transfer,West,yes,yes
65,89.52,2,40.1,month-to-month,paypal,West,no,yes
66,38.1,5,43.1,month-to-month,mailed_check,Midwest,yes,no
43,52.14,2,42.8,month-to-month,card,Midwest,no,no
12,104.59,0,38.1,month-to-month,card,West,yes,no
12,93.01,1,19.5,month-to-month,bank_transfer,Northeast,no,yes
21,109.18,1,30.6,one-year,card,Northeast,yes,no
41,65.21,1,33.1,one-year,mailed_check,Northeast,no,no
11,43.19,2,33.2,one-year,bank_transfer,South,yes,no
33,65.99,1,38.9,one-year,bank_transfer,South,no,no
9,74.55,3,55.1,month-to-month,card,Northeast,no,no
39,73.97,4,47.7,month-to-month,bank_transfer,Midwest,yes,yes
2,100.34,2,26.1,month-to-month,mailed_check,Northeast,yes,no
51,62.97,2,46.1,month-to-month,bank_transfer,West,yes,no
4,80.8,0,45.7,month-to-month,card,Midwest,no,yes
14,47.28,0,28.3,month-to-month,card,West,no,no
13,83.26,1,48.2,one-year,mailed_check,Northeast,yes,yes
60,72.08,4,36.1,month-to-month,mailed_check,West,yes,no
4,53.25,0,21.1,month-to-month,card,Midwest,yes,no
31,66.1,1,43.5,one-year,bank_transfer,West,yes,no
42,67.4,0,40.6,month-to-month,card,Midwest,no,yes
37,65.25,1,35.3,two-year,bank_transfer,Midwest,yes,no
49,116.28,3,37.6,two-year,card,Northeast,yes,no
58,69.54,3,29.4,two-year,paypal,Midwest,no,no
28,65.9,2,45.3,month-to-month,mailed_check,South,no,no
59,19.56,0,37.5,month-to-month,card,West,no,no
23,49.64,1,40.0,one-year,bank_transfer,Midwest,yes,no
70,65.42,2,42.3,one-year,card,Northeast,no,no
36,54.85,1,24.1,one-year,card,West,no,no
53,106.54,2,27.3,month-to-month,card,Northeast,no,yes
63,67.88,0,11.5,month-to-month,card,South,yes,no
57,104.21,3,44.8,month-to-month,mailed_check,Northeast,no,yes
61,73.54,2,23.5,month-to-month,card,West,no,yes
39,72.93,0,39.6,month-to-month,mailed_check,Northeast,no,no
4,69.78,0,42.5,two-year,card,West,no,yes
36,72.09,1,45.2,month-to-month,bank_transfer,Northeast,no,no
13,114.97,2,23.6,one-year,bank_transfer,Midwest,no,yes
64,18.0,2,37.2,two-year,mailed_check,Northeast,no,no
17,21.96,2,58.0,month-to-month,card,South,yes,no
17,58.42,1,58.6,month-to-month,card,Midwest,yes,yes
18,72.36,2,49.8,one-year,paypal,Midwest,no,no
46,89.25,2,42.0,month-to-month,paypal,West,no,no
41,83.83,1,25.9,month-to-month,paypal,West,no,no
68,62.39,2,46.6,two-year,card,Midwest,no,no
30,97.48,3,36.1,one-year,card,South,no,no
21,97.75,3,44.7,two-year,paypal,South,no,no
4,76.6,3,30.4,two-year,bank_transfer,West,yes,no
1,96.07,1,35.9,month-to-month,bank_transfer,Midwest,no,yes
27,78.82,2,40.0,one-year,card,West,yes,no
66,57.96,2,41.0,one-year,card,South,no,no
38,89.45,0,43.9,one-year,mailed_check,South,no,yes
64,74.77,2,31.0,one-year,paypal,West,yes,no
8,72.03,5,21.9,one-year,card,Midwest,yes,no
7,108.82,1,57.5,two-year,mailed_check,Northeast,yes,no
60,18.0,0,67.9,month-to-month,bank_transfer,Midwest,no,no
8,36.56,1,43.4,one-year,card,Northeast,yes,no
4,42.32,1,22.1,month-to-month,bank_transfer,West,yes,no
29,62.92,1,28.7,one-year,paypal,Northeast,no,no
66,65.63,2,44.1,two-year,bank_transfer,West,yes,no
49,34.32,3,54.1,two-year,bank_transfer,West,no,no
8,47.37,1,23.4,month-to-month,paypal,Northeast,no,no
60,50.48,1,36.5,month-to-month,card,Midwest,yes,yes
60,133.44,6,40.4,month-to-month,mailed_check,Northeast,yes,no
57,117.04,0,48.4,month-to-month,bank_transfer,South,no,yes
65,61.71,2,33.9,month-to-month,bank_transfer,South,no,no
18,62.91,0,19.2,two-year,paypal,Midwest,yes,no
70,43.27,1,45.5,month-to-month,bank_transfer,West,no,no
23,24.3,1,51.5,two-year,bank_transfer,South,no,no
57,69.08,2,37.0,month-to-month,paypal,South,yes,no
42,47.05,3,42.9,one-year,mailed_check,Northeast,no,no
56,69.88,2,32.3,one-year,paypal,West,no,no
45,31.99,0,27.9,one-year,paypal,South,yes,no
46,52.95,4,50.3,one-year,card,South,no,no
44,75.72,3,42.6,one-year,bank_transfer,Northeast,yes,no
56,81.16,3,43.9,two-year,bank_transfer,South,yes,no
53,82.44,1,56.0,one-year,card,Midwest,yes,no
10,38.99,3,25.3,month-to-month,paypal,West,no,yes
59,93.37,2,31.4,month-to-month,card,South,no,yes
39,51.99,5,39.9,one-year,card,Midwest,no,no
23,87.82,5,31.2,month-to-month,card,West,yes,yes
37,71.73,1,47.4,month-to-month,card,South,no,no
69,37.59,1,35.8,one-year,card,South,no,no
61,64.1,2,26.1,month-to-month,bank_transfer,Northeast,yes,yes
60,81.13,4,38.8,two-year,bank_transfer,West,yes,no
33,87.32,2,40.0,one-year,card,Northeast,no,yes
56,68.48,3,49.2,one-year,card,Northeast,yes,no
28,110.29,2,42.7,one-year,paypal,Northeast,no,yes
49,97.19,7,43.5,two-year,card,Midwest,no,no
46,65.58,4,41.8,one-year,bank_transfer,South,yes,no
18,90.75,2,35.7,two-year,bank_transfer,Midwest,no,yes
19,120.34,0,29.4,month-to-month,bank_transfer,Midwest,no,yes
5,121.01,0,41.5,one-year,mailed_check,Northeast,no,yes
10,41.3,2,34.0,one-year,bank_transfer,South,no,no
31,48.84,0,58.3,month-to-month,mailed_check,Northeast,no,yes
34,109.12,1,54.1,month-to-month,mailed_check,Northeast,no,no
12,45.54,2,45.6,one-year,card,South,yes,no
30,38.94,1,42.5,month-to-month,card,South,no,yes
43,59.85,2,36.9,two-year,card,Northeast,yes,no
17,82.51,2,22.9,month-to-month,bank_transfer,South,no,yes
25,69.44,3,35.4,month-to-month,bank_transfer,South,no,no
27,55.74,3,39.2,one-year,card,West,yes,no
36,55.14,1,40.8,month-to-month,card,Midwest,no,no
27,54.19,4,43.6,month-to-month,bank_transfer,South,yes,no
53,50.01,3,49.1,one-year,paypal,South,yes,no
24,129.04,5,29.7,month-to-month,paypal,Northeast,yes,yes
31,79.44,1,29.8,month-to-month,mailed_check,South,no,no
27,94.17,1,55.4,one-year,card,Midwest,yes,no
13,59.77,1,47.3,one-year,bank_transfer,Northeast,no,no
49,67.35,2,33.3,two-year,mailed_check,West,no,yes
17,54.16,0,36.7,month-to-month,paypal,Midwest,yes,no
22,18.0,4,36.8,month-to-month,bank_transfer,West,no,no
57,37.55,2,38.4,two-year,bank_transfer,South,yes,no
68,26.73,3,43.7,one-year,card,West,no,no
48,18.0,1,68.4,month-to-month,mailed_check,South,yes,no
66,42.12,0,40.3,two-year,bank_transfer,West,no,no
61,105.12,5,46.0,month-to-month,bank_transfer,Midwest,no,no
35,70.89,0,17.8,two-year,bank_transfer,Midwest,yes,no
55,104.26,1,32.2,one-year,bank_transfer,Northeast,yes,no
24,82.27,1,52.7,two-year,card,West,yes,no
33,91.56,0,42.8,two-year,paypal,Northeast,yes,yes
39,49.48,1,5.0,month-to-month,bank_transfer,Northeast,no,no
69,85.1,1,46.1,two-year,card,South,no,no
61,90.22,3,61.0,month-to-month,bank_transfer,West,no,yes
35,57.58,2,14.0,one-year,mailed_check,West,no,no
47,85.99,3,56.2,one-year,bank_transfer,West,no,no
15,86.15,3,5.0,month-to-month,bank_transfer,Midwest,no,yes
58,58.26,3,49.3,month-to-month,bank_transfer,West,yes,no
40,43.93,0,37.9,month-to-month,paypal,South,yes,no
38,42.4,3,9.8,month-to-month,paypal,South,yes,no
55,74.16,0,43.4,month-to-month,mailed_check,Northeast,yes,yes
45,80.18,2,51.8,two-year,card,West,yes,no
6,52.19,1,42.4,month-to-month,mailed_check,South,yes,no
21,72.66,0,45.0,two-year,mailed_check,Northeast,yes,no
13,86.26,1,33.1,two-year,bank_transfer,South,no,no
53,87.45,0,15.7,one-year,bank_transfer,Midwest,yes,yes
3,110.8,2,46.3,month-to-month,card,South,yes,yes
15,103.92,2,59.0,two-year,bank_transfer,South,yes,yes
43,46.97,1,51.6,one-year,card,South,no,no
50,114.09,1,14.1,one-year,card,Midwest,no,no
36,58.73,0,19.8,two-year,mailed_check,Midwest,no,yes
62,98.12,0,27.8,one-year,card,Midwest,yes,no
66,73.7,2,18.9,month-to-month,bank_transfer,Northeast,yes,yes
10,61.7,3,38.5,two-year,card,South,yes,yes
68,26.81,1,42.7,month-to-month,bank_transfer,Midwest,yes,no
44,67.71,1,20.8,two-year,bank_transfer,Northeast,yes,no
46,33.02,2,47.3,month-to-month,card,Northeast,no,no
7,96.18,2,45.2,month-to-month,paypal,South,yes,no
45,109.92,3,31.4,month-to-month,mailed_check,Midwest,yes,yes
52,52.08,1,35.9,month-to-month,bank_transfer,Midwest,no,no
42,79.55,1,14.6,two-year,mailed_check,Northeast,no,no
6,53.87,2,34.0,month-to-month,paypal,Midwest,yes,yes
38,56.29,0,38.1,one-year,bank_transfer,Northeast,yes,no
67,91.36,3,40.0,month-to-month,card,Midwest,no,yes
52,71.04,0,42.5,two-year,card,Midwest,yes,no
10,115.49,1,40.9,month-to-month,mailed_check,Northeast,no,yes
69,59.94,3,34.8,month-to-month,bank_transfer,South,no,no
69,96.98,0,41.4,month-to-month,bank_transfer,West,yes,no
13,74.44,0,50.0,one-year,paypal,South,no,no
57,91.89,2,36.9,two-year,card,Midwest,yes,no
29,60.82,2,41.8,two-year,paypal,Midwest,yes,no
43,70.76,0,35.8,month-to-month,card,Northeast,yes,yes
32,69.11,2,30.2,month-to-month,mailed_check,West,no,yes
56,51.1,8,44.3,month-to-month,card,South,yes,yes
71,88.55,3,31.3,month-to-month,card,West,yes,yes
57,88.26,5,42.6,one-year,paypal,South,no,no
67,86.84,5,38.3,month-to-month,card,Midwest,yes,no
68,110.42,1,34.4,one-year,mailed_check,South,no,no
7,108.23,2,34.1,two-year,paypal,West,no,no
18,62.63,1,31.9,month-to-month,card,Northeast,no,yes
52,81.33,1,18.3,month-to-month,card,West,no,no
42,56.41,1,42.6,month-to-month,mailed_check,Northeast,no,yes
4,72.58,2,40.8,month-to-month,bank_transfer,West,yes,no
7,57.01,1,48.2,month-to-month,mailed_check,Northeast,no,no
37,112.5,0,31.6,one-year,card,Northeast,no,no
44,81.09,3,60.7,month-to-month,mailed_check,Northeast,no,yes
12,66.55,1,33.4,one-year,bank_transfer,Midwest,no,no
13,101.84,2,27.5,two-year,paypal,South,no,no
10,18.0,2,26.1,two-year,bank_transfer,Midwest,no,no
41,21.65,1,17.2,one-year,card,West,yes,no
1,91.9,2,56.4,month-to-month,mailed_check,Northeast,no,yes
41,73.51,7,54.5,month-to-month,mailed_check,Midwest,no,yes
34,78.26,1,45.2,month-to-month,bank_transfer,Midwest,no,no
34,38.84,2,27.2,two-year,mailed_check,South,yes,no
49,71.42,3,59.7,two-year,card,West,no,no
38,122.09,2,33.8,month-to-month,card,Midwest,no,yes
52,92.6,2,34.8,month-to-month,card,Northeast,no,yes
55,76.24,1,55.2,month-to-month,bank_transfer,Midwest,no,no
66,61.02,0,45.9,month-to-month,card,South,no,no
57,62.14,4,64.4,two-year,bank_transfer,Northeast,yes,no
37,18.77,1,41.0,month-to-month,card,West,yes,no
35,78.44,1,33.2,month-to-month,paypal,Northeast,no,yes
17,93.14,1,30.7,month-to-month,paypal,Northeast,yes,yes
43,32.61,0,15.8,month-to-month,paypal,Northeast,no,no
10,55.46,5,34.7,month-to-month,card,West,yes,yes
67,43.06,1,51.7,two-year,paypal,Midwest,yes,no
60,47.87,2,45.2,month-to-month,card,West,yes,no
9,73.34,2,38.2,one-year,paypal,South,no,no
56,19.89,3,26.1,month-to-month,bank_transfer,Northeast,no,no
9,87.36,2,40.7,month-to-month,bank_transfer,South,no,yes
52,90.85,3,50.2,month-to-month,card,Northeast,no,no
7,65.72,2,43.2,month-to-month,paypal,Midwest,no,yes
35,18.0,1,40.0,month-to-month,mailed_check,South,yes,no
47,47.09,1,28.4,month-to-month,paypal,West,no,yes
52,102.82,2,48.4,two-year,mailed_check,South,no,yes
30,18.0,4,5.0,one-year,mailed_check,South,yes,no
66,63.31,2,42.6,two-year,card,West,no,no
55,42.5,1,68.8,month-to-month,paypal,Midwest,yes,no
15,92.11,1,19.9,one-year,card,Northeast,yes,yes
48,55.12,2,35.1,one-year,bank_transfer,South,no,no
52,82.1,3,37.9,month-to-month,card,South,no,yes
24,86.14,1,32.4,month-to-month,mailed_check,Midwest,yes,no
53,117.91,3,50.4,month-to-month,paypal,Midwest,no,yes
64,66.93,1,43.7,two-year,card,Midwest,yes,no
59,81.4,2,39.8,month-to-month,bank_transfer,West,no,yes
55,34.87,1,47.6,month-to-month,bank_transfer,Midwest,no,no
46,101.76,0,38.2,two-year,paypal,South,yes,no
20,52.99,2,76.2,month-to-month,mailed_check,Northeast,no,yes
57,57.98,1,39.8,two-year,card,Midwest,no,no
26,71.44,4,40.3,two-year,bank_transfer,South,no,yes
38,32.93,1,17.5,two-year,bank_transfer,South,yes,no
23,77.72,4,31.5,two-year,bank_transfer,West,yes,no
23,96.19,4,51.8,month-to-month,bank_transfer,West,no,yes
12,79.32,1,22.0,one-year,card,South,no,no
69,32.28,0,12.1,two-year,card,Midwest,no,no
11,68.9,1,38.4,one-year,bank_transfer,West,no,no
7,90.55,3,54.4,month-to-month,mailed_check,Northeast,no,no
67,25.05,5,38.5,month-to-month,card,South,yes,no
40,45.13,2,34.0,month-to-month,card,Midwest,no,yes
32,93.91,1,15.7,month-to-month,paypal,South,no,no
53,78.75,3,43.4,one-year,mailed_check,West,yes,no
28,82.3,2,45.9,two-year,bank_transfer,South,yes,no
10,118.49,2,16.6,two-year,card,Northeast,no,yes
52,83.71,2,51.6,one-year,paypal,South,no,no
13,88.45,3,47.2,month-to-month,bank_transfer,South,no,no
40,139.77,0,51.6,month-to-month,paypal,West,yes,no
68,66.65,1,45.0,month-to-month,card,Northeast,no,no
67,52.05,2,45.8,month-to-month,card,Northeast,yes,no
26,82.69,0,44.2,month-to-month,card,Northeast,yes,no
56,82.97,0,48.4,month-to-month,paypal,Midwest,no,no
44,58.83,1,16.2,month-to-month,bank_transfer,West,no,no
35,46.19,1,20.0,one-year,card,Midwest,no,no
10,129.75,2,29.2,month-to-month,bank_transfer,West,no,yes
27,80.17,2,36.4,month-to-month,paypal,West,no,no
47,53.69,3,42.7,month-to-month,card,Midwest,yes,no
71,94.9,3,41.9,one-year,paypal,Midwest,yes,no
1,69.27,1,51.4,one-year,paypal,Northeast,no,no
51,65.68,0,51.8,month-to-month,bank_transfer,West,no,yes
61,86.06,2,27.5,month-to-month,mailed_check,West,yes,yes
68,39.7,0,40.9,two-year,mailed_check,West,yes,no
31,80.82,1,27.8,one-year,card,West,yes,no
9,119.82,1,35.7,one-year,card,South,yes,no
20,83.65,1,41.9,month-to-month,card,Northeast,no,yes
61,62.59,1,5.0,two-year,card,West,yes,no
63,59.32,0,66.9,two-year,bank_transfer,South,no,no
46,61.74,1,44.8,month-to-month,mailed_check,West,no,yes
9,65.65,0,30.9,one-year,mailed_check,Midwest,no,yes
9,62.55,2,61.1,month-to-month,card,South,no,no
34,94.91,2,33.8,one-year,bank_transfer,South,yes,no
42,28.67,1,39.6,month-to-month,card,Midwest,yes,no
3,93.55,1,32.2,month-to-month,bank_transfer,South,yes,yes
49,62.51,4,57.8,two-year,card,South,yes,no
39,81.42,1,36.7,two-year,mailed_check,Northeast,yes,no
1,43.83,0,39.8,month-to-month,mailed_check,Midwest,yes,yes
7,105.22,0,52.4,two-year,card,Northeast,yes,no
33,103.14,1,45.0,month-to-month,paypal,Northeast,yes,no
52,95.99,1,37.3,month-to-month,bank_transfer,Northeast,no,yes
59,34.13,2,51.3,two-year,paypal,Midwest,yes,no
31,92.73,1,68.5,month-to-month,bank_transfer,Northeast,yes,no
21,82.12,1,41.8,month-to-month,card,South,no,no
69,31.87,0,39.4,one-year,paypal,Northeast,yes,no
33,71.39,1,40.0,month-to-month,card,Midwest,no,yes
23,81.11,1,53.7,month-to-month,bank_transfer,Northeast,no,yes
32,85.9,0,30.8,month-to-month,card,Northeast,no,yes
1,76.43,2,34.7,one-year,paypal,South,yes,yes
22,79.28,1,19.6,month-to-month,paypal,Midwest,no,yes
37,108.84,1,23.8,month-to-month,card,Northeast,no,yes
66,102.65,1,31.8,one-year,bank_transfer,South,yes,no
53,18.0,5,37.3,month-to-month,paypal,West,yes,no
56,64.06,2,59.2,month-to-month,card,Midwest,yes,no
39,67.88,2,44.4,one-year,bank_transfer,West,no,no
8,28.2,1,27.1,two-year,paypal,South,yes,no
28,74.35,3,29.3,month-to-month,bank_transfer,West,yes,yes
71,103.22,1,54.5,two-year,paypal,Northeast,no,no
4,44.84,2,51.5,one-year,bank_transfer,Midwest,no,no
63,80.41,1,38.3,month-to-month,bank_transfer,South,yes,no
49,49.1,4,32.7,two-year,card,Northeast,yes,no
21,55.2,3,51.5,one-year,card,West,yes,no
56,108.93,5,26.1,one-year,card,Midwest,no,no
60,58.44,1,42.7,one-year,mailed_check,Northeast,no,yes
4,83.56,2,65.3,one-year,mailed_check,Northeast,no,yes
8,25.22,1,40.5,two-year,paypal,Midwest,yes,no
48,118.56,2,28.7,one-year,card,Midwest,yes,yes
71,87.07,1,42.9,two-year,bank_transfer,Northeast,yes,no
2,67.44,2,32.4,one-year,paypal,West,yes,yes
48,86.39,0,21.3,two-year,paypal,Midwest,no,no
10,36.75,2,46.4,two-year,card,South,no,no
47,101.56,2,51.4,month-to-month,mailed_check,Northeast,yes,yes
45,63.9,3,34.3,month-to-month,card,South,no,yes
7,66.9,1,33.5,one-year,card,South,yes,no
49,59.71,2,26.5,month-to-month,mailed_check,Northeast,no,yes
64,57.48,1,36.2,one-year,bank_transfer,South,yes,no
62,89.37,4,31.3,two-year,bank_transfer,Northeast,no,no
3,78.4,2,25.9,two-year,bank_transfer,Northeast,yes,no
18,88.29,1,60.7,month-to-month,mailed_check,Northeast,no,no
18,71.78,4,43.6,one-year,card,South,no,yes
33,84.83,4,44.9,month-to-month,paypal,South,no,no
11,61.53,2,48.6,month-to-month,card,South,no,no
61,127.74,4,47.3,month-to-month,card,Midwest,yes,no
56,32.8,1,33.0,month-to-month,bank_transfer,Midwest,no,no
58,103.52,4,41.3,month-to-month,bank_transfer,Northeast,yes,yes
15,106.2,2,34.8,one-year,card,West,no,yes
2,50.7,1,43.3,one-year,bank_transfer,Midwest,yes,no
65,127.73,4,42.1,month-to-month,paypal,South,yes,yes
21,96.89,1,33.4,month-to-month,bank_transfer,Northeast,no,yes
47,96.28,2,22.0,month-to-month,paypal,West,yes,no
65,72.7,0,39.8,two-year,paypal,Midwest,no,no
3,66.57,2,35.5,two-year,bank_transfer,South,yes,no
1,66.76,1,15.3,month-to-month,bank_transfer,Northeast,no,yes
1,81.76,2,44.1,month-to-month,bank_transfer,Northeast,no,yes
12,107.03,0,49.6,month-to-month,bank_transfer,South,no,yes
4,76.53,1,68.3,one-year,card,Northeast,yes,no
59,49.21,1,33.3,month-to-month,card,Northeast,yes,no
44,92.61,1,31.5,month-to-month,card,South,yes,yes
70,95.03,3,24.7,month-to-month,bank_transfer,Northeast,yes,yes
57,88.37,0,40.5,month-to-month,mailed_check,South,no,yes
69,90.64,2,40.4,month-to-month,bank_transfer,West,yes,no
17,65.23,4,28.3,month-to-month,bank_transfer,West,yes,yes
21,48.78,5,35.9,one-year,bank_transfer,Northeast,yes,no
61,50.3,0,14.3,month-to-month,paypal,Midwest,no,no
18,31.11,4,49.1,month-to-month,bank_transfer,West,yes,no
5,77.92,0,28.8,one-year,bank_transfer,Midwest,yes,no
48,69.91,0,37.6,month-to-month,paypal,South,no,no
57,61.0,1,20.9,two-year,card,South,yes,no
69,18.0,3,31.0,two-year,bank_transfer,Northeast,no,no
66,40.82,1,34.6,month-to-month,bank_transfer,South,yes,no
9,100.02,1,37.9,two-year,paypal,West,no,no
55,55.38,0,43.8,one-year,mailed_check,Midwest,no,no
61,81.01,2,55.3,one-year,paypal,South,no,no
50,37.23,3,46.8,month-to-month,bank_transfer,Northeast,no,no
59,107.97,0,49.5,month-to-month,card,West,no,no
60,68.4,1,55.4,month-to-month,bank_transfer,Northeast,no,yes
32,79.25,2,44.8,two-year,paypal,Midwest,no,no
3,130.14,0,37.6,one-year,mailed_check,South,no,yes
33,109.91,1,50.1,month-to-month,paypal,South,no,yes
15,64.34,1,50.9,month-to-month,card,Northeast,no,no
9,57.17,2,45.8,month-to-month,paypal,South,yes,no
9,63.86,0,20.5,month-to-month,mailed_check,Midwest,yes,yes
50,84.75,1,27.9,one-year,paypal,South,yes,no
36,69.37,2,34.7,month-to-month,paypal,Northeast,yes,yes
39,62.12,1,47.4,two-year,bank_transfer,South,yes,no
53,108.68,2,37.7,one-year,paypal,Northeast,yes,no
39,69.14,2,51.6,one-year,card,South,no,no
45,129.49,1,53.8,two-year,card,West,no,no
7,74.27,5,52.4,month-to-month,paypal,West,no,yes
61,116.63,2,52.5,one-year,mailed_check,West,no,no
32,80.93,1,25.6,one-year,mailed_check,Northeast,yes,no
12,96.07,1,43.8,month-to-month,card,South,yes,no
58,53.88,1,30.7,month-to-month,card,Northeast,no,no
53,50.66,1,18.2,month-to-month,card,South,no,no
4,83.49,1,34.6,month-to-month,paypal,Midwest,no,yes
14,96.71,0,53.9,month-to-month,paypal,West,no,no
2,73.01,2,43.5,month-to-month,mailed_check,South,no,yes
20,39.84,4,62.2,one-year,card,Northeast,no,no
8,37.99,3,40.1,month-to-month,bank_transfer,South,no,no
51,36.32,5,67.4,month-to-month,paypal,South,no,no
38,27.81,0,40.1,month-to-month,card,Midwest,yes,no
70,74.74,2,38.3,month-to-month,mailed_check,Northeast,yes,yes
54,100.13,1,22.6,two-year,bank_transfer,Midwest,yes,no
44,71.66,2,51.3,month-to-month,card,South,no,yes
37,18.0,1,32.0,month-to-month,card,Midwest,no,yes
4,67.23,3,30.2,month-to-month,mailed_check,West,yes,yes
5,67.93,0,53.4,month-to-month,paypal,Northeast,yes,no
44,124.4,0,51.9,one-year,paypal,West,no,no
1,35.57,0,51.6,two-year,paypal,Northeast,yes,no
4,62.23,3,33.7,month-to-month,bank_transfer,West,no,yes
16,114.65,3,37.4,one-year,paypal,South,yes,yes
63,83.25,3,37.3,month-to-month,mailed_check,Midwest,yes,no
33,86.08,0,47.4,two-year,card,West,yes,no
51,74.86,3,56.6,one-year,paypal,Midwest,yes,no
30,80.25,2,42.4,month-to-month,card,South,yes,yes
13,91.44,1,61.7,one-year,card,West,yes,no
27,51.76,4,48.8,two-year,bank_transfer,South,yes,yes
7,93.95,3,35.2,month-to-month,mailed_check,Midwest,yes,yes
55,37.67,1,47.9,two-year,card,Midwest,no,no
14,80.21,0,58.5,two-year,bank_transfer,South,yes,no
27,76.47,3,62.0,month-to-month,paypal,Northeast,yes,yes
70,56.59,1,52.2,two-year,card,South,yes,no
43,71.43,2,38.3,one-year,paypal,West,no,no
33,56.44,0,35.4,month-to-month,mailed_check,Midwest,no,no
39,45.21,0,44.9,month-to-month,card,Midwest,no,no
56,63.16,2,58.1,two-year,card,South,no,no
19,44.4,0,43.2,one-year,mailed_check,Midwest,yes,no
46,80.07,1,43.5,month-to-month,card,South,no,no
62,43.25,6,38.6,month-to-month,card,Northeast,yes,yes
41,89.8,0,34.1,month-to-month,mailed_check,Northeast,no,yes
32,42.46,1,36.1,two-year,mailed_check,South,yes,yes
11,57.84,4,39.6,one-year,paypal,Midwest,yes,no
18,56.38,2,58.6,month-to-month,bank_transfer,South,no,yes
68,105.13,3,35.1,two-year,mailed_check,Northeast,no,no
39,80.26,2,38.6,two-year,paypal,South,no,no
22,66.71,1,27.6,month-to-month,paypal,South,yes,no
30,84.47,0,46.6,month-to-month,paypal,Midwest,yes,yes
42,19.32,1,54.4,one-year,paypal,South,yes,no
39,70.92,1,57.5,month-to-month,bank_transfer,South,no,no
50,121.94,1,40.4,month-to-month,bank_transfer,Northeast,no,yes
19,75.31,1,44.9,one-year,bank_transfer,Midwest,yes,no
47,73.7,2,36.2,two-year,bank_transfer,West,no,no
32,85.7,3,44.3,month-to-month,bank_transfer,Midwest,yes,no
67,94.39,0,41.8,two-year,bank_transfer,South,no,no
12,22.06,2,38.7,two-year,paypal,South,no,no
11,29.94,3,39.7,month-to-month,bank_transfer,South,no,yes
33,77.26,1,43.4,month-to-month,card,Northeast,yes,yes
37,54.13,1,34.5,one-year,card,Northeast,yes,no
50,104.8,3,35.1,two-year,card,West,yes,yes
29,64.12,1,58.5,month-to-month,paypal,West,no,yes
65,23.64,4,70.5,one-year,bank_transfer,West,no,no
34,40.3,1,23.5,one-year,card,Midwest,yes,no
10,18.0,1,22.9,one-year,paypal,West,no,no
9,66.15,2,26.5,one-year,card,South,no,no
70,67.29,0,36.8,month-to-month,card,South,no,no
10,61.39,0,48.7,month-to-month,paypal,Northeast,no,yes
68,98.97,1,45.1,month-to-month,bank_transfer,Northeast,no,no
20,101.96,1,40.1,two-year,paypal,Midwest,yes,no
7,67.74,1,44.3,two-year,paypal,Northeast,yes,no
22,18.63,1,29.7,two-year,mailed_check,West,no,no
44,87.43,0,35.1,month-to-month,card,West,no,no
31,85.88,1,37.8,one-year,paypal,South,no,no
56,79.73,3,19.0,month-to-month,paypal,Midwest,yes,no
44,96.54,3,24.1,month-to-month,card,Northeast,yes,yes
29,42.88,1,24.5,month-to-month,mailed_check,South,no,yes
46,122.22,0,47.2,two-year,bank_transfer,Northeast,no,yes
69,48.01,3,40.9,month-to-month,mailed_check,Northeast,yes,yes
30,90.73,2,45.3,one-year,bank_transfer,Northeast,yes,no
11,29.82,1,15.9,two-year,bank_transfer,West,no,no
30,48.74,5,20.2,one-year,card,Midwest,no,yes
60,109.91,0,46.0,month-to-month,mailed_check,West,no,no
16,65.48,1,5.0,two-year,bank_transfer,West,no,no
68,93.0,2,52.7,one-year,card,West,no,no
42,77.92,2,16.1,month-to-month,card,West,yes,no
43,69.38,0,48.1,one-year,paypal,Northeast,no,no
23,106.1,1,27.3,two-year,card,West,no,no
66,66.08,3,50.6,month-to-month,bank_transfer,Midwest,no,no
3,27.48,1,76.5,month-to-month,paypal,Northeast,no,no
22,51.92,3,10.7,month-to-month,card,Northeast,no,yes
30,85.78,5,46.3,month-to-month,bank_transfer,West,no,yes
34,81.89,3,16.3,two-year,card,West,yes,yes
34,32.82,1,43.1,month-to-month,mailed_check,South,no,no
11,53.89,3,35.5,month-to-month,mailed_check,Northeast,yes,yes
17,57.46,1,39.6,month-to-month,card,South,yes,yes
7,62.86,3,27.1,month-to-month,bank_transfer,Northeast,no,no
41,37.6,0,47.4,month-to-month,bank_transfer,Midwest,no,no
25,56.29,2,20.6,one-year,mailed_check,South,no,yes
41,53.78,0,52.9,month-to-month,bank_transfer,Northeast,no,no
42,91.29,1,33.1,month-to-month,bank_transfer,West,no,yes
50,92.23,1,21.2,two-year,mailed_check,West,yes,no
39,68.35,2,57.1,two-year,card,West,no,no
47,62.2,1,37.2,month-to-month,bank_transfer,West,no,yes
42,75.5,0,60.9,month-to-month,card,Northeast,yes,no
47,51.59,1,52.7,month-to-month,bank_transfer,West,no,no
44,43.33,2,28.4,month-to-month,bank_transfer,West,no,yes
23,48.49,0,37.0,month-to-month,mailed_check,West,yes,no
18,56.13,4,39.5,two-year,bank_transfer,South,no,yes
56,42.91,2,56.3,one-year,card,South,yes,no
25,76.05,2,43.3,month-to-month,paypal,West,yes,no
39,90.24,2,40.1,two-year,paypal,Northeast,yes,yes
14,32.32,0,35.6,month-to-month,paypal,Midwest,yes,no
31,72.63,2,37.4,month-to-month,paypal,West,yes,no
38,66.5,1,53.7,month-to-month,card,West,no,no
45,80.54,0,38.0,month-to-month,paypal,Midwest,yes,no
38,71.68,3,33.3,two-year,card,West,no,yes
26,35.66,3,31.2,month-to-month,card,West,no,yes
69,40.44,0,31.4,one-year,mailed_check,West,yes,no
37,72.74,1,21.2,month-to-month,paypal,Northeast,yes,yes
58,97.72,2,29.0,two-year,card,Northeast,no,no
53,18.0,2,56.0,one-year,card,South,no,no
40,80.64,3,35.5,month-to-month,mailed_check,South,no,yes
63,101.74,1,46.5,month-to-month,card,South,yes,no
10,68.17,2,8.3,two-year,card,Northeast,no,no
66,85.76,2,44.8,month-to-month,card,Midwest,no,no
61,54.42,1,36.1,month-to-month,card,Northeast,no,yes
36,69.02,2,32.2,two-year,card,West,yes,no
53,31.48,1,40.2,month-to-month,mailed_check,Midwest,no,no
37,18.0,1,32.1,month-to-month,card,West,yes,no
20,95.57,6,12.5,month-to-month,bank_transfer,Northeast,no,yes
57,47.38,3,49.1,month-to-month,paypal,South,no,no
18,60.61,2,40.9,month-to-month,bank_transfer,West,no,yes
23,37.34,2,34.2,month-to-month,paypal,South,yes,no
37,36.75,1,26.4,month-to-month,paypal,Midwest,no,no
60,67.65,4,20.4,month-to-month,bank_transfer,Northeast,yes,yes
28,53.76,3,40.7,month-to-month,paypal,West,no,no
36,81.45,0,57.4,two-year,paypal,South,no,no
3,83.31,4,40.4,one-year,paypal,West,no,yes
9,80.02,1,21.4,month-to-month,paypal,South,no,yes
4,77.97,0,40.7,month-to-month,card,Northeast,no,yes
6,111.44,2,37.4,one-year,paypal,Midwest,no,yes
62,45.31,2,48.4,month-to-month,paypal,South,no,no
60,70.63,1,45.3,month-to-month,card,South,no,no
59,100.32,3,5.0,one-year,mailed_check,West,no,no
4,103.61,1,44.5,month-to-month,card,South,no,no
6,36.46,1,26.0,two-year,card,South,no,no
20,64.19,2,20.9,two-year,mailed_check,Midwest,yes,no
41,105.95,2,35.7,two-year,card,Northeast,no,yes
24,84.7,1,42.9,month-to-month,bank_transfer,West,yes,yes
35,76.88,0,18.3,month-to-month,bank_transfer,Northeast,yes,no
13,66.56,1,46.5,month-to-month,mailed_check,Northeast,no,yes
52,62.4,3,47.2,two-year,bank_transfer,Northeast,no,no
23,79.21,1,38.6,two-year,paypal,South,no,no
5,65.69,2,27.6,two-year,paypal,Midwest,no,no
53,70.94,0,26.2,month-to-month,bank_transfer,Midwest,yes,no
65,73.96,3,50.3,two-year,mailed_check,West,yes,no
2,55.05,1,19.9,month-to-month,paypal,West,yes,yes
32,85.3,3,50.8,two-year,bank_transfer,South,yes,no
59,144.86,3,36.0,month-to-month,mailed_check,West,no,yes
51,27.58,2,36.8,month-to-month,bank_transfer,Northeast,no,yes
61,80.1,1,17.5,month-to-month,card,Northeast,no,yes
30,53.0,2,36.2,two-year,card,South,yes,no
27,86.44,0,45.4,month-to-month,bank_transfer,Midwest,no,no
51,73.16,0,22.0,month-to-month,card,Northeast,yes,no
11,91.05,0,44.0,month-to-month,bank_transfer,West,no,yes
17,101.39,2,39.1,month-to-month,bank_transfer,South,no,yes
43,76.81,4,30.3,two-year,bank_transfer,South,yes,no
48,100.3,3,48.3,month-to-month,card,Midwest,no,yes
9,18.0,2,11.6,month-to-month,paypal,South,no,no
37,111.76,2,42.2,two-year,bank_transfer,South,yes,no
26,81.38,4,57.4,month-to-month,card,West,no,no
36,98.95,1,55.3,month-to-month,bank_transfer,South,no,yes
69,41.5,0,42.7,month-to-month,bank_transfer,Northeast,yes,no
6,51.23,1,34.4,month-to-month,paypal,Midwest,yes,yes
71,75.65,1,30.4,month-to-month,bank_transfer,Midwest,no,no
32,71.57,2,34.4,month-to-month,card,Northeast,no,yes
55,79.08,3,44.5,month-to-month,mailed_check,West,no,no
31,99.11,2,28.3,one-year,bank_transfer,South,no,no
23,27.87,0,47.1,two-year,card,Northeast,no,no
55,96.35,2,63.6,two-year,paypal,Northeast,no,no
49,72.21,1,37.3,month-to-month,paypal,Midwest,yes,no
11,66.91,2,21.9,month-to-month,paypal,Northeast,yes,yes
51,35.22,2,21.9,two-year,bank_transfer,South,no,no
54,84.58,2,47.3,two-year,bank_transfer,Midwest,no,yes
28,18.0,3,37.3,month-to-month,bank_transfer,West,no,no
66,88.21,0,48.5,month-to-month,card,South,yes,yes
46,34.7,1,31.6,month-to-month,card,West,no,no
24,73.34,2,48.0,month-to-month,mailed_check,South,no,no
1,69.02,0,36.1,month-to-month,paypal,West,yes,yes
48,101.24,0,29.2,month-to-month,bank_transfer,South,yes,yes
15,67.53,3,33.2,two-year,card,Northeast,no,no
54,54.65,1,23.6,one-year,paypal,Midwest,no,no
38,59.33,2,61.9,one-year,card,West,no,no
34,103.82,3,36.8,month-to-month,card,West,yes,yes
12,85.41,4,45.7,two-year,card,West,no,yes
51,62.36,1,31.6,one-year,paypal,Northeast,yes,no
12,66.09,2,25.4,month-to-month,paypal,Midwest,yes,yes
30,32.82,3,35.2,one-year,card,Midwest,no,no
60,81.71,1,51.2,one-year,card,Midwest,yes,no
66,28.0,0,31.8,two-year,paypal,Northeast,no,no
71,90.79,1,27.6,month-to-month,bank_transfer,Northeast,no,yes
69,75.22,2,39.9,two-year,paypal,Midwest,yes,no
40,131.67,5,44.0,month-to-month,card,West,yes,yes
15,44.5,1,57.7,month-to-month,paypal,Northeast,no,yes
60,69.43,2,42.2,month-to-month,mailed_check,Northeast,yes,no
57,116.96,2,45.7,month-to-month,bank_transfer,South,yes,yes
71,101.78,1,46.6,month-to-month,card,South,no,no
47,54.59,3,24.2,month-to-month,paypal,West,yes,no
11,77.6,1,26.4,one-year,card,West,no,no
36,72.05,3,25.0,month-to-month,card,Midwest,no,yes
32,79.05,2,22.0,two-year,card,West,yes,no
60,54.53,4,47.5,month-to-month,mailed_check,Northeast,no,no
28,69.77,0,41.5,one-year,bank_transfer,West,no,no
24,32.05,1,39.0,two-year,mailed_check,South,no,no
6,75.38,3,6.9,two-year,bank_transfer,South,yes,no
60,83.25,3,62.7,one-year,bank_transfer,Northeast,no,no
54,66.31,1,27.3,one-year,card,Northeast,yes,no
3,31.62,3,62.6,month-to-month,paypal,Northeast,no,yes
31,96.71,3,20.6,month-to-month,card,South,yes,yes
35,81.11,0,28.3,month-to-month,bank_transfer,Northeast,no,yes
34,53.85,0,11.6,month-to-month,card,Northeast,yes,no
66,64.98,0,42.3,month-to-month,bank_transfer,Midwest,no,no
11,34.48,0,24.8,month-to-month,bank_transfer,West,no,no
22,46.36,2,25.1,two-year,card,Northeast,no,no
13,58.55,2,21.5,two-year,card,Midwest,yes,no
18,102.71,0,47.3,two-year,mailed_check,West,yes,yes
65,56.01,1,46.5,one-year,card,South,no,no
67,88.01,1,59.7,month-to-month,card,Northeast,no,no
4,58.54,2,29.8,month-to-month,card,Northeast,no,yes
45,78.2,0,40.6,one-year,bank_transfer,West,yes,no
17,68.47,3,22.5,one-year,paypal,South,no,no
14,93.83,1,34.0,month-to-month,card,Northeast,yes,yes
21,58.63,3,31.8,month-to-month,bank_transfer,West,yes,yes
14,32.69,0,43.6,month-to-month,paypal,West,yes,no
35,37.45,1,50.2,month-to-month,card,Midwest,no,no
71,58.7,2,49.9,month-to-month,mailed_check,Northeast,no,no
42,40.77,2,27.9,month-to-month,mailed_check,Northeast,no,no
52,82.26,2,50.0,one-year,card,Northeast,yes,no
36,60.36,2,37.5,two-year,card,Northeast,yes,no
1,131.37,0,34.1,month-to-month,card,Midwest,no,yes
6,28.56,2,29.5,one-year,card,South,no,no
20,77.09,2,31.3,two-year,bank_transfer,West,yes,no
18,43.8,3,58.9,month-to-month,bank_transfer,Northeast,yes,yes
60,59.66,1,41.7,one-year,bank_transfer,Midwest,no,no
60,75.54,2,40.1,month-to-month,card,West,no,no
61,18.0,1,34.9,one-year,card,Northeast,no,no
46,77.92,3,67.4,month-to-month,mailed_check,Midwest,yes,yes
40,119.57,1,53.7,two-year,mailed_check,Midwest,no,yes
47,60.66,3,29.3,two-year,card,Northeast,yes,no
29,78.5,1,34.7,month-to-month,paypal,South,no,no
48,97.62,0,35.4,month-to-month,bank_transfer,West,yes,no
57,67.9,3,39.8,month-to-month,paypal,West,yes,no
55,57.48,4,29.6,two-year,bank_transfer,South,no,no
44,18.0,1,43.3,one-year,mailed_check,Northeast,yes,no
5,88.02,2,55.4,month-to-month,card,Northeast,yes,yes
52,69.17,1,22.2,two-year,card,West,no,no
27,46.68,2,24.5,month-to-month,mailed_check,Midwest,no,yes
53,75.16,3,32.2,month-to-month,card,South,no,no
39,57.41,1,32.8,month-to-month,card,Northeast,yes,yes
63,58.79,3,62.0,month-to-month,paypal,West,yes,no
25,87.16,1,50.0,month-to-month,paypal,South,no,yes
67,38.54,4,49.3,month-to-month,paypal,Midwest,no,no
60,98.18,3,34.8,month-to-month,paypal,West,yes,no
24,37.06,3,34.6,two-year,paypal,Midwest,no,no
35,55.43,2,20.6,month-to-month,card,West,no,yes
38,120.07,2,47.4,two-year,bank_transfer,Midwest,yes,no
55,100.18,0,43.9,one-year,paypal,South,no,no
49,74.44,1,53.4,two-year,mailed_check,West,no,no
61,48.49,1,35.5,month-to-month,card,Midwest,yes,no
27,58.77,1,36.3,two-year,card,West,no,no
36,73.83,0,40.0,month-to-month,paypal,Northeast,yes,yes
31,72.94,2,48.7,month-to-month,card,Midwest,yes,yes
65,69.73,2,20.4,month-to-month,card,Midwest,no,no
22,71.23,2,46.8,month-to-month,paypal,Northeast,no,no
42,66.64,3,37.8,two-year,bank_transfer,South,yes,no
9,35.95,1,25.3,two-year,card,West,no,no
61,59.09,1,13.0,two-year,card,Midwest,no,no
28,94.87,1,36.4,month-to-month,card,West,no,yes
25,37.79,1,55.4,two-year,paypal,Northeast,no,no
42,67.26,0,58.1,one-year,bank_transfer,Northeast,no,no
36,51.51,3,42.3,month-to-month,card,West,yes,no
61,74.78,1,61.5,month-to-month,bank_transfer,South,no,no
38,62.28,2,37.5,one-year,card,West,no,no
37,108.93,1,49.4,month-to-month,card,West,no,no
8,84.66,1,32.6,month-to-month,card,South,yes,yes
2,39.2,0,31.8,one-year,bank_transfer,West,yes,no
29,88.78,3,29.9,month-to-month,card,West,yes,yes
71,52.63,1,13.3,month-to-month,card,Northeast,no,no
66,57.58,1,53.4,month-to-month,bank_transfer,Northeast,no,no
45,79.85,1,30.3,one-year,bank_transfer,Northeast,no,no
45,59.71,1,28.4,two-year,card,Midwest,no,no
28,94.32,2,23.8,two-year,card,Northeast,yes,yes
13,52.64,6,35.5,one-year,card,South,yes,no
1,56.53,2,59.2,one-year,bank_transfer,South,no,no
25,55.59,0,63.1,one-year,paypal,Northeast,no,no
23,57.86,1,18.1,month-to-month,card,South,no,yes
14,99.48,2,33.7,month-to-month,paypal,Midwest,yes,yes
19,87.72,2,25.6,one-year,paypal,West,yes,no
2,114.75,2,49.9,one-year,card,South,no,no
44,128.69,1,41.4,month-to-month,card,Midwest,yes,no
66,46.23,2,30.4,two-year,card,Midwest,yes,no
50,73.76,1,38.9,one-year,card,South,no,no
32,42.59,2,32.3,month-to-month,bank_transfer,Midwest,no,no
30,52.56,1,57.4,month-to-month,card,West,no,no
22,56.25,2,44.6,month-to-month,paypal,Northeast,no,yes
11,45.57,2,46.0,month-to-month,bank_transfer,Midwest,no,no
43,45.7,1,6.0,month-to-month,paypal,Northeast,yes,no
41,68.39,1,37.2,month-to-month,paypal,West,no,yes
1,41.58,3,63.0,month-to-month,bank_transfer,Midwest,no,yes
30,93.05,1,53.9,month-to-month,mailed_check,Northeast,no,yes
20,49.06,1,15.8,two-year,mailed_check,Midwest,no,no
13,142.24,3,34.2,two-year,bank_transfer,South,no,yes
50,60.72,1,23.6,month-to-month,card,Northeast,yes,no
38,73.8,2,58.5,month-to-month,bank_transfer,West,no,yes
45,39.62,2,40.9,month-to-month,card,South,no,no
51,114.65,3,28.8,month-to-month,bank_transfer,Northeast,yes,yes
70,99.99,2,38.4,month-to-month,bank_transfer,Midwest,yes,no
57,79.42,2,6.7,month-to-month,bank_transfer,South,no,yes
45,38.33,6,25.0,month-to-month,paypal,Midwest,yes,no
